{"user_demo": {"last_activity": 1775311687.3569496}, "120363405807460709@g.us": {"last_activity": 1775314911.2960784}, "33764117879@s.whatsapp.net": {"last_activity": 1775471635.3946714}}